region,source,title
Global,BBC World,Angry Venezuelans accuse government of negligence over earthquake response
Global,BBC World,Aftershock frays nerves as many Venezuelans left to fend for themselves
Global,BBC World,Founder of Asian super-app Gojek sentenced to years in jail for corruption
Global,BBC World,Heavy security in South Africa as anti-migrant protesters take to the streets
Global,BBC World,Manhunt under way after bomb injures Ukrainian oligarch and others in Monaco
Global,BBC World,Chinese tycoon sentenced to 30 years in US jail
Global,BBC World,Flooding hits Ghana's capital killing 13 people - with another storm forecast
Global,BBC World,One big win and three defeats for Trump in dramatic day at Supreme Court
Global,BBC World,Osaka pays 'love and respect to Japan' in Wimbledon kimono
Global,BBC World,US says it has agreed to 'stand down' after exchange of strikes with Iran
Global,BBC World,"Pakistani strikes kill at least 28 civilians in Afghanistan, UN says"
Global,BBC World,Six people shot dead at centre for mothers and children in Germany
Global,BBC World,Putin makes rare admission of fuel shortages caused by Ukrainian strikes
Global,BBC World,Lilo & Stitch star Daveigh Chase's cause of death was Aids
Global,BBC World,DR Congo bans mass gatherings in the capital to prevent spread of Ebola
Global,BBC World,Supreme Court blocks Trump's attempt to fire Federal Reserve Governor Lisa Cook
Global,BBC World,South Korea football coach quits as president calls for probe into World Cup loss
Global,BBC World,'You are Canadian heroes' - the forgotten hosts making World Cup history
Global,BBC World,Teyana Taylor's tears and Lauryn Hill tribute steal show at BET Awards
Global,BBC World,Fitness brand founder and Olympian Les Mills dies aged 91
Global,BBC World,Indian journalists condemn 'denial' of voting and passport rights of prominent editor
Global,BBC World,"Biden blasts Trump 'vanity projects', calling him a 'loser' at fundraising event"
Global,BBC World,"Europe's heatwave linked to 1,300 deaths, WHO says, as Germany hits record 41.7C"
Global,BBC World,Senior South African police officer survives assassination attempt
Global,BBC World,First dinosaur bone from Antarctica found in a drawer
Global,BBC World,Australian man charged with murder after dead girl found in suitcase in Thailand
Global,BBC World,Eleven killed after plane carrying skydivers crashes in eastern France
Global,BBC World,Why $20 durians are now being sold at half price - or given away for free
Global,BBC World,What to know about the looming deadline on North American free trade
Global,BBC World,'No one move!': The agonising silence as Venezuela rescuers listen for survivors
Global,BBC World,How population decline is exposing Germany's old divides
Global,BBC World,"Dallas Cowboys Cheerleaders on fame, pressure and World Cup fever"
Global,BBC World,Mum rescued from Venezuela rubble with newborn baby tells BBC how he helped her survive
Global,BBC World,"Dogs, drones and sound detectors: How rescuers search for quake survivors"
Global,BBC World,Loved and loathed: The making of India's viral liver doctor
Global,BBC World,Why Kim Jong Un never talks about his mother - or her controversial bloodline
Global,BBC World,Bad Bunny lights up London with history-making stadium show
Global,BBC World,"Millie Bobby Brown and Louis Partridge on belly laughs, sibling vibes and Enola Holmes"
Global,BBC World,Sort Your Life Out: The four most common cluttering mistakes and how to fix them
Global,BBC World,Canadians share hopes and wishes for America's 250th birthday
Global,BBC World,Why are South Korean fans so angry at their football coach?
Global,BBC World,Watch: Young bald eagle takes first flight in California
Global,BBC World,Rescuers keep up search for survivors at collapsed La Guaira building
Global,BBC World,"What do we know about the shooting in Stade, Germany?"
Global,Al Jazeera,"France vs Sweden: World Cup Round of 32 – Mbappe, prediction, team lineups"
Global,Al Jazeera,Islamic centre brings joy through World Cup watch parties
Global,Al Jazeera,Anti-migrant rally in South Africa demands undocumented foreigners leave
Global,Al Jazeera,South Africa deploys police as anti-immigrant protests prompt fears
Global,Al Jazeera,Are US and Iranian negotiators meeting in Doha? What we know about talks
Global,Al Jazeera,Morocco player hugs mother as team celebrates win against Netherlands
Global,Al Jazeera,Gojek co-founder Nadiem Makarim sentenced to 10 years for corruption
Global,Al Jazeera,"FIFA World Cup: Tuesday schedule, predictions and eliminated teams"
Global,Al Jazeera,US Supreme Court hands Trump 3-1 defeat in key rulings: What we know
Global,Al Jazeera,Man in Gaza survives double tap Israeli strike on vehicle
Global,Al Jazeera,Advocacy groups file complaint against Ghana over Trump deportations
Global,Al Jazeera,The next British PM should steer clear of Starmer’s shameful legacy
Global,Al Jazeera,Top 5 World Cup knockout shocks – Paraguay win hurts Germany again
Global,Al Jazeera,Video: At least two killed and hundreds displaced in Israeli attack on Gaza
Global,Al Jazeera,"Heatwave scorches east Europe as Slovakia, Czechia see record temperatures"
Global,Al Jazeera,Caracas park helps children cope through activities after twin quakes
Global,Al Jazeera,Watch World Cup Day 19: Morocco beats Netherlands; Germany crashes out
Global,Al Jazeera,EU gets tough on China as trade imbalance stokes deindustrialisation fears
Global,Al Jazeera,What to know about the Colorado primary elections in the US
Global,Al Jazeera,"Ivory Coast vs Norway: FIFA World Cup Round of 32: Prediction, how to watch"
Global,Al Jazeera,Millions in India’s Bengal risk losing welfare benefits over voter deletion
Global,Al Jazeera,How each prime minister broke Britain’s economy
Global,Al Jazeera,"At the World Cup, the media has set up a moral checkpoint"
Global,Al Jazeera,"DR Congo says 1,307 Ebola cases confirmed, including 377 deaths"
Global,Al Jazeera,Screen time calculator: How much of your life is spent on social media?
Global,The Guardian World,Police units deployed across South Africa before anti-immigration marches
Global,The Guardian World,‘Everyone is talking about Cape Verde’: World Cup run delights diaspora community in UK
Global,The Guardian World,Whereabouts of nearly 300 people with Ebola unknown in DR Congo
Global,The Guardian World,Outrage as woman jailed for three years after criticising Somali government online
Global,The Guardian World,‘Constitutional coup’ claims as Zimbabwe senate approves extending presidential term
Global,The Guardian World,"Peru’s Keiko Fujimori wins presidential election, in latest victory for Latin American right"
Global,The Guardian World,Venezuelans newly deported from US missing after hotel collapse
Global,The Guardian World,Strong aftershock terrifies Venezuelans days after devastating twin quakes
Global,The Guardian World,Venezuela earthquakes aftershock hits near capital city as man rescued from rubble after being trapped for 106 hours – as it happened
Global,The Guardian World,Families of two football players killed and injured in Venezuela earthquakes
Global,The Guardian World,"China is a clear winner from Trump’s war in Middle East, report concludes"
Global,The Guardian World,Thai police investigate if Australian man charged over 17-year-old girl’s murder linked to other unsolved cases
Global,The Guardian World,Chinese tycoon Guo Wengui sentenced to 30 years in US prison for fraud
Global,The Guardian World,EU sets up three months of talks with China over €360bn trade deficit
Global,The Guardian World,Shares in chipmakers underpinning AI boom rocket in first half of 2026
Global,The Guardian World,"Labor’s gambling ad legislation a ‘capitulation’ to industry lobby, Liberal MP says"
Global,The Guardian World,"Georgie Purcell facing antisemitic and misogynistic abuse due to having Jewish partner, commission hears"
Global,The Guardian World,"NSW’s deadly one-in-100-years floods could have been slashed by two metres using dams, CSIRO finds"
Global,The Guardian World,Garth Hamilton storms out of question time after outburst – as it happened
Global,The Guardian World,EY sacks graduate employee after he allegedly accessed Australian PM’s bank account
Global,The Guardian World,Reader Q&A live: we answer your questions about Europe’s hellish week of heat
Global,The Guardian World,"Monaco bombing was ‘attempted assassination’, not terror attack, say prosecutors – Europe live"
Global,The Guardian World,EU halves duty-free steel quota but UK and other partners given better rate
Global,The Guardian World,Monaco in shock after parcel bomb injures Ukrainian-born business leader
Global,The Guardian World,Europe and US on collision course over next high representative for Bosnia
Global,The Guardian World,Trump claims Iran has agreed to hold peace talks in Doha after recent clashes
Global,The Guardian World,Iran is jealously competing with Oman as decision-maker over strait of Hormuz
Global,The Guardian World,Escalating US-Iran strikes threaten interim peace agreement
Global,The Guardian World,Fresh hostilities in Gulf suggest US-Iran memorandum was too broadly worded
Global,The Guardian World,Donald Trump threatens to annihilate Iran after crossfire over Hormuz – as it happened
Global,The Guardian World,Delhi plans to ban petrol rickshaws and scooters in effort to cut toxic fumes
Global,The Guardian World,‘Humanity is a privilege’: Umar Khalid on his six years in an Indian jail without trial
Global,The Guardian World,Pakistani airstrikes kill dozens in eastern Afghanistan
Global,The Guardian World,"Child malnutrition in Nepal has reached ‘alarming’ levels since aid cuts, survey finds"
Global,The Guardian World,Pakistan police rescue French woman and children allegedly held captive by husband for 12 years
Global,The Guardian World,"Starmer unveils extra £15bn for UK defence, with some road and energy projects scrapped to fund rise – politics live"
Global,The Guardian World,Starmer warns Burnham not to borrow to fund defence as he reveals £15bn plan
Global,The Guardian World,Telegraph’s £575m takeover by German group completed
Global,The Guardian World,"Reform UK chair of Welsh environment committee may ‘undermine scrutiny’, says thinktank"
Global,The Guardian World,Nuclear weapons storage in spotlight as US plans $4bn boost for its UK airbases
Global,The Guardian World,Supreme court expected to rule on birthright citizenship and trans athletes – US politics live
Global,The Guardian World,First Thing: Supreme court hands Trump power to fire agency chiefs but rules against him on mail-in ballots
Global,The Guardian World,Did US drug agents allow lethal fentanyl to hit New Mexico’s streets?
Global,The Guardian World,Kash Patel draws flak for posting FBI case details on social media ‘to make himself look good’
Global,The Guardian World,"Alleged Epstein victim and Trump accuser living in fear of retaliation, relative says"
Global,DW News,Pope pleads with breakaway Catholics before possible schism
Global,DW News,India: Congress' Ajay Rai claims 'arrest' amid Ram temple embezzlement row
Global,DW News,Alarm over alleged abuse in French schools and nurseries
Global,DW News,"Pride Month has great significance for those who feel invisible. In Slovenia, many LGBTQ+ people understand just what that means"
Global,DW News,Poland orders Swedish submarines to bulk up navy
Global,DW News,South Africa braces for anti-migrant protests
Global,DW News,UK-Africa relations: Starmer's 'reset' that never delivered
Global,DW News,US-India trade deal: The key sticking points
Global,DW News,"Can Thailand, Cambodia unlock massive oil and gas reserves?"
Global,DW News,Pakistan's Geo News apologizes for Muharram broadcast
Global,DW News,"Uganda military chief shuts media outlets, slams 'free press'"
Global,DW News,"Saudi Aramco helicopter crashes, all 14 passengers killed"
Global,DW News,"Fact check: As Europe bakes, should you trust your sunscreen?"
Global,France 24,"Poland recognises same-sex marriages, sees rush for weddings organised abroad"
Global,France 24,World Cup 2026: Morocco outclass the Netherlands as Germany knocked out on penalties
Global,France 24,French fans take over Brooklyn Bridge as tension builds ahead of Sweden clash
Global,France 24,Monaco bombing suspect flees to France as police probe attempted murder
Global,France 24,Reaction from Rio after Brazil's last-gasp World Cup win against Japan
Global,France 24,Shoppers to pay the price after heatwave hits French crops
Global,France 24,Trump says Iran meeting set in Qatar despite Tehran's denials
Global,France 24,Venezuela rescuers in final push to find survivors as anger mounts
Global,France 24,Monaco blast wounds several with Ukrainian oligarch the believed target
Global,France 24,Spain's undocumented migrant amnesty scheme draws more than a million applicants
Global,France 24,Ukraine's war-damaged power grid struggles as heatwave moves east
Global,France 24,Supreme Court to rule on Trump's bid to roll back birthright citizenship
Global,France 24,Meet your MEP! Behind the scenes of the European Parliament
Global,France 24,French heatwave threatens food inflation as agriculture sector suffers
Global,France 24,Shock gives way to anger in Venezuela as Rodríguez faces quake response criticism
Global,France 24,2026 World Cup: Paraguay stun Germany in round of 32
Global,France 24,"South Africa deploys police, foreigners brace for violence as anti-immigrant protests begin"
Global,France 24,Final dash for documents as Spain triggers largest migrant amnesty in European history
Global,France 24,Discover the winners of FRANCE 24's video competition on EU cohesion policy
Global,France 24,Discover the winners of FRANCE 24's video competition on fighting fake news
Global,France 24,On the ground in Venezuela: 'All the buildings have collapsed'
Global,France 24,World Cup 2026: France vow to maintain attacking strategy against Sweden
Global,France 24,How ships are risking ‘safe’ passage through the Strait of Hormuz
Global,CNN World,Markets digest bank earnings after recent turmoil
Global,CNN World,Still haven't filed your taxes? Here's what you need to know
Global,CNN World,Retail spending fell in March as consumers pull back
Global,CNN World,Analysis: Fox News is about to enter the true No Spin Zone
Global,CNN World,Silicon Valley Bank collapse renews calls to address disparities impacting entrepreneurs of color
Global,CNN World,"Not only is Lake Powell's water level plummeting because of drought, its total capacity is shrinking, too"
Global,CNN World,"These were the best and worst places for air quality in 2021, new report shows"
Global,CNN World,Big-box stores could help slash emissions and save millions by putting solar panels on roofs. Why aren't more of them doing it?
Global,CNN World,Look of the Week: Blackpink headline Coachella in Korean hanboks
Global,CNN World,Scientists identify secret ingredient in Leonardo da Vinci paintings
Global,CNN World,How Playboy cut ties with Hugh Hefner to create a post-MeToo brand
Global,CNN World,'A definitive backslide.' Inside fashion's worrying runway trend
Global,CNN World,Michael Jordan's 1998 NBA Finals sneakers sell for a record $2.2 million
Global,CNN World,The surreal facades of America's strip clubs
Global,CNN World,Here's the real reason to turn on airplane mode when you fly
Global,CNN World,"'I was up to my waist down a hippo's throat.' He survived, and here's his advice"
Global,CNN World,They bought an abandoned 'ghost house' in the Japanese countryside
Global,CNN World,Relaxed entry rules make it easier than ever to visit this stunning Asian nation
Global,CNN World,The most beautiful sections of China's Great Wall
Global,CNN World,Sign up to our newsletter for a weekly roundup of travel news
Global,CNN World,"Nelly Cheboi, who creates computer labs for Kenyan schoolchildren, is CNN's Hero of the Year"
Global,CNN World,CNN Heroes: Sharing the Spotlight
Global,CNN World,Donate now to a Top 10 CNN Hero
Global,CNN World,0% intro APR until 2024 is 100% insane
Global,CNN World,It's official: now avoid credit card interest into 2024
Global,CNN World,Experts: this is the best cash back card of 2022
Global,CNN World,Turn Your Rising Home Equity Into Cash You Can Use
Global,CNN World,Dream Big with a Home Equity Loan
Global,CNN World,Want Cash Out of Your Home? Here Are Your Best Options
Global,NPR World,"SCOTUS to rule on birthright citizenship. And, U.S. murder rate nears new low"
Global,NPR World,Venezuelans deported from the U.S. were killed hours later in powerful quakes
Global,NPR World,Iran war supercharges pivot to renewable energy
Global,NPR World,"Explosion in Monaco injures 3, including Ukrainian tycoon"
Global,NPR World,Chinese billionaire Guo Wengui gets 30 years in U.S. prison for fraud conviction
Global,NPR World,Venezuela's deadly quakes put its U.S.-backed government to the test
Global,NPR World,"Pakistani airstrikes kill 36 civilians in Afghanistan and wound 160, officials say"
Global,NPR World,"U.S. and Iran exchange fire despite ceasefire. And, Trump nominates a new head of ICE"
Global,NPR World,Trump says the U.S. and Iran will meet in Qatar after weekend attacks
Global,NPR World,Former Iran nuclear deal negotiator on what U.S.-Iran 'new normal' looks like
Global,SCMP,Putin superyacht ‘Graceful’ spotted on radar off Denmark
Global,SCMP,Hong Kong private sports clubs must pay land premiums or open doors as leases end
Global,SCMP,Why the AI future won’t be decided by algorithms and chatbots
Global,SCMP,Asean hopes to tap Greater Bay Area’s tech skills with closer ties: industry chiefs
Global,SCMP,China’s Politburo orders rapid-response overhaul in the face of floods and extreme heat
Global,SCMP,"China reacts to Guo Wengui’s 30-year US prison sentence, highlighting fugitive status"
Global,SCMP,New Asean Chamber of Commerce launched in Hong Kong will ‘fulfil long-felt need’
Global,SCMP,Iraq’s 14 million barrels of trapped oil travels through Strait of Hormuz
Global,SCMP,China-Canada trade thaw falters as Beijing levies penalties for dumping pea starch
Global,SCMP,"As China’s Communist Party grows more slowly, its members are getting older"
Global,SCMP,Chip supply chain braces for more price hikes as upstream parts create new bottlenecks
Global,SCMP,"South Africa anti-migrant demos draw thousands, plus huge police presence"
Global,SCMP,Record heat expected in Hong Kong this year as ‘super’ El Nino threatens: Observatory
Global,SCMP,‘A relay of love’: China court names Shanghai man mentally ill neighbour’s guardian in city first
Global,SCMP,Is Singapore facing ‘public fatigue’ over ex-MP Raeesah Khan saga?
Global,SCMP,"UK lays out defence plan with drones, self-flying fighter jets, no-crew submarines"
Global,SCMP,What will Hong Kong’s proposed reforms to sexual offences laws change?
Global,SCMP,EU seeks ‘tangible results’ on China trade deficit by October
Global,SCMP,Should China worry more about keeping defence customers than winning new deals?
Global,SCMP,Celebrating 50 years of a Love of Learning and Confidence for Life
Global,SCMP,"Mainland China revises criteria for settling in Hong Kong, Macau"
Global,SCMP,"Thai beer dynasty heir opens up about abuse, being sued by his mother: ‘at least I’m free’"
Global,SCMP,"After triggering price war, DeepSeek reverses course with surcharge on peak-hour API use"
Global,SCMP,"Fewer children, more singles in Singapore, new data shows"
Global,SCMP,East Timor targets closer Asean-Greater Bay Area ties to spur economic growth
Global,SCMP,Ex-prosecutor loses judicial challenge against sacking for emails flouting neutrality
Global,SCMP,"Malaysia enlists military veterans to boot bullies out of schools: ‘you touch, you go’"
Global,SCMP,Indian officials said to be in talks to allow reporters from China to return
Global,SCMP,"In 2011, Shanghai–Beijing high-speed rail link officially began operations – SCMP archive"
Global,SCMP,China-EU joint statement on trade
Global,SCMP,No need to share numbers as WhatsApp set to introduce new feature for texting
Global,SCMP,"Why did they pancake? Building failures, soft soil amplify Venezuela quake destruction"
Global,SCMP,Philippines courts Greater Bay Area investors as gateway to Southeast Asia
Global,SCMP,Carved in history: how dragon motifs tell the tale of the rise and fall of Chinese empires
Global,SCMP,Singapore catches e-bike rider in viral ‘Superman’ stunt video
Global,SCMP,Border security stepped up after 2 Malaysians hurt in roadside bomb in Thai south
Global,SCMP,Why a light plane crash in Beijing created a security dilemma for authorities
Global,SCMP,"Nepal’s bird flu outbreak spreads, breeding pandemic mutation fears"
Global,SCMP,Ex-opposition lawmaker Wu Chi-wai released after serving time for subversion
Global,SCMP,"Chinese tourists high on Malaysia, why Europe is praising Lee Kuan Yew: 7 Asia highlights"
Global,SCMP,Passenger jet reports striking drone approaching JFK airport to land
Global,SCMP,No plans on handover day? SCMP breaks down Hong Kong’s biggest July 1 deals
Global,SCMP,How Chinese forensics team ruled out murder in mystery of a dismembered woman
Global,SCMP,Japan’s family firms turn to M&A when heirs are not so apparent
Global,SCMP,Hong Kong’s first batches of free PLA ship tour tickets gone within minutes
Global,SCMP,Chinachem Group steers first-of-its-kind blueprint for Hong Kong’s green and silver future
Global,SCMP,Funding option: royalties giant opens Hong Kong base as mainland China biotech deals surge
Global,SCMP,How Philippine ube farming can cash in on ‘purple gold rush’
Global,SCMP,"Hong Kong positioned to link Asean, Greater Bay Area amid geopolitical shifts: John Lee"
Global,SCMP,"Hong Kong IPOs ride China’s tech wave, but Nasdaq leads way with SpaceX tsunami"
Global,NHK World,W杯 日本がブラジルに逆転負け 16強進出ならず 【詳しく】
Global,NHK World,記録的水準の円安 今後は？暮らしはどうなる？【詳しく】
Global,NHK World,皇族数確保に向けた皇室典範改正案 閣議決定し国会提出 政府
Global,NHK World,解説 本田圭佑さんが語る“日本が強くなるために必要なこと”
Global,NHK World,広島 強盗殺人事件 容疑者がギャンブルで約8000万円損失か
Global,NHK World,栃木強盗殺人事件 高校生ら4人の事件を横浜家裁支部へ移す決定
Global,NHK World,「キャプテン翼」高橋陽一さん“4年後は翼くんの夢W杯優勝を”
Global,Times of India,40°C and counting: Europe was built to beat the cold. Now heatwave is exposing its biggest weakness
Global,Times of India,UAE announces petrol and diesel prices for July 2026; fuel rates cut after four months of hikes
Global,Times of India,"India just built the world's first hydrogen plant that runs on nuclear heat, not electricity"
Global,Times of India,‘Golden Gift to White House’: Trump shares AI image of giant eagle for 250th anniversary
Global,Times of India,"Meet the world's most fertile woman who gave birth to 44 children, including three sets of quadruplets"
Global,Times of India,"After being rejected, UK man creates fake Tinder profile in ex’s name, lures men with ‘rape fantasy’ claims"
Global,Times of India,"UK plans tougher punishment for partner or ex-partner murders, minimum term may rise to 25 years"
Global,Times of India,"Hidden wonder: Poland's 700-year-old underground salt mine is a hidden city of chapels, lakes and sculptures carved from salt"
Global,Times of India,Buried for 1.8 million years: This ancient elephant tooth was finally found by an 11-year-old on a UK beach
Global,Times of India,"Korea's Hangul is the world's only alphabet where every consonant is shaped like the mouth that pronounces it, and the only major writing system with a known inventor"
Global,Times of India,'Will cut off those hands': Pakistan minister's stark warning to India over Indus Waters Treaty
Global,Times of India,Candace Owens' Erika Kirk criticism takes surprising turn after controversial comments about her husband George Farmer
Global,Times of India,"Who is TS Baby Jayne? Influencer shares unseen photos, alleges past relationship with Chudthebuilder"
Global,Times of India,"'Will implement Teesta project at any cost', says Bangladesh PM Tarique Rahman"
Global,Times of India,YouTubers Beni Marmol and Pato Perrotta arrested after trying to sneak into FIFA World Cup match
Global,Times of India,Newsom announces partnership with Trump-scrutinized Anthropic AI: 'Every Californian should benefit from...'
Global,Times of India,'No negotiation at any level': Iran refutes Donald Trump's claim of planned US talks in Doha
Global,Times of India,"African proverb of the day: ""The food that is in the mouth is not yet in the belly"" and the illusion of possession, a lesson in uncertainty"
Global,Times of India,"ExtraEmily nearly crashes during livestream, admits mistake after scary driving moment"
Global,Times of India,'Gun was...': 7-month-old baby shot in the head by 10-year-old boy in Missouri
